ACC151438,2021,94.31083080036929,2021-12-01,Hilaria Konopelski
ACC151438,2021,22.550762930669844,2021-09-01,Hilaria Konopelski
ACC151438,2021,54.13157748257656,2021-05-16,Hilaria Konopelski
ACC151438,2021,70.81121326820872,2021-03-10,Hilaria Konopelski
ACC151438,2021,67.92631264270199,2021-08-22,Hilaria Konopelski
ACC151438,2022,31.927658890109008,2021-05-17,Hilaria Konopelski
ACC151438,2021,16.144016796636453,2021-07-19,Hilaria Konopelski
ACC151438,2021,91.76067003163422,2021-09-02,Hilaria Konopelski
ACC151438,2021,82.64790357586483,2021-12-21,Hilaria Konopelski
ACC151438,2022,40.05973203875189,2021-09-13,Hilaria Konopelski
ACC1352914,2022,17.61647637694007,2021-06-28,Dixie Hills
ACC1352914,2022,19.213854228306975,2021-06-04,Dixie Hills
ACC1352914,2021,57.955762670319864,2021-04-23,Dixie Hills
ACC1352914,2021,54.883342802642126,2021-04-14,Dixie Hills
ACC1115788117,2022,75.14898656122644,2021-01-01,Taylor Christiansen
ACC1115788117,2022,43.84828428158455,2021-04-04,Taylor Christiansen
ACC1115788117,2022,15.951170437058085,2021-10-24,Taylor Christiansen
ACC1115788117,2021,66.5995344101423,2021-07-05,Taylor Christiansen
ACC1115788117,2021,18.209492417003524,2021-09-16,Taylor Christiansen
ACC1115788117,2022,39.54325017898661,2021-12-21,Taylor Christiansen
ACC1115788117,2021,70.11638143832586,2021-06-03,Taylor Christiansen
ACC1115788117,2021,29.2618079247042,2021-03-28,Taylor Christiansen
ACC16750703753,2021,11.712920988154504,2021-05-02,Mrs. Elliot Koelpin
ACC16750703753,2021,22.439790270573006,2021-06-21,Mrs. Elliot Koelpin
ACC16750703753,2021,10.378394908429666,2021-07-17,Mrs. Elliot Koelpin
ACC16750703753,2021,77.77948244564878,2021-02-15,Mrs. Elliot Koelpin
ACC16750703753,2021,76.40842881081235,2021-04-25,Mrs. Elliot Koelpin
ACC1657227,2022,29.06527448098285,2021-12-19,Isidro Fadel
ACC1657227,2021,90.0065642959415,2021-12-09,Isidro Fadel
ACC1657227,2022,55.43282114474945,2021-03-18,Isidro Fadel
ACC1657227,2021,64.81051873928052,2021-11-20,Isidro Fadel
ACC1657227,2021,34.88609640904917,2021-04-05,Isidro Fadel
ACC1657227,2022,33.85424189736554,2021-11-16,Isidro Fadel
ACC1657227,2021,66.13169853554228,2021-05-07,Isidro Fadel
ACC1657227,2021,76.96682942063985,2021-12-24,Isidro Fadel
ACC1657227,2022,81.64920992382429,2021-11-26,Isidro Fadel
ACC1023445,2021,57.22966015210919,2021-09-18,Coral Gleason
ACC1023445,2022,51.96309176484985,2021-02-25,Coral Gleason
ACC1023445,2022,99.16498845089649,2021-11-09,Coral Gleason
ACC187616,2022,72.26315042795034,2021-11-18,Ms. Napoleon Toy
ACC187616,2021,80.26897579132384,2021-10-18,Ms. Napoleon Toy
ACC187616,2021,73.38537384046128,2021-02-12,Ms. Napoleon Toy
ACC187616,2022,39.3649419215523,2021-08-22,Ms. Napoleon Toy
ACC187616,2022,74.67061748856369,2021-03-01,Ms. Napoleon Toy
ACC187616,2022,11.347202700827815,2021-08-05,Ms. Napoleon Toy
ACC187616,2021,27.415487770257375,2021-10-23,Ms. Napoleon Toy
ACC187616,2021,63.779726620107944,2021-10-23,Ms. Napoleon Toy
ACC17581554020,2021,81.90836126171003,2021-01-11,Cletus Russel Sr.
ACC17581554020,2022,35.841636982761514,2021-10-24,Cletus Russel Sr.
ACC17581554020,2022,92.21082255772315,2021-03-30,Cletus Russel Sr.
ACC10576955641,2022,19.419447647485107,2021-04-30,Lashonda Feeney PhD
ACC10576955641,2022,95.763469664559,2021-04-01,Lashonda Feeney PhD
ACC10576955641,2021,86.20255391974969,2021-10-14,Lashonda Feeney PhD
ACC10576955641,2022,16.687363033775533,2021-07-17,Lashonda Feeney PhD
ACC10576955641,2022,69.23439515793025,2021-02-19,Lashonda Feeney PhD
ACC10576955641,2021,98.88642450641798,2021-02-14,Lashonda Feeney PhD
ACC140213,2022,73.28974341568073,2021-04-25,Deedra Wolff
ACC140213,2022,40.01941508812797,2021-03-13,Deedra Wolff
ACC140213,2021,62.58065825573057,2021-06-18,Deedra Wolff
ACC176389235,2021,25.53970085005576,2021-11-25,Edwardo Koch
ACC176389235,2021,76.79476621652951,2021-12-22,Edwardo Koch
ACC176389235,2021,60.774292764845704,2021-04-11,Edwardo Koch
ACC176389235,2021,33.864473455509184,2021-05-07,Edwardo Koch
ACC176389235,2022,28.398408379667348,2021-09-29,Edwardo Koch
ACC17393271,2021,49.60603102241008,2021-02-25,Jack Hettinger
ACC103504,2021,57.01595553112413,2021-11-27,Barney Yost
ACC103504,2022,48.491889508645045,2021-09-30,Barney Yost
ACC103504,2021,97.628856424818,2021-03-24,Barney Yost
ACC103504,2021,60.23101557529034,2021-01-02,Barney Yost
ACC103504,2022,29.376541257074557,2021-06-19,Barney Yost
ACC103504,2021,74.35285678694436,2021-12-04,Barney Yost
ACC103504,2021,33.53629607988145,2021-04-16,Barney Yost
ACC103504,2022,57.42525987399528,2021-05-07,Barney Yost
ACC103504,2022,63.846174668522494,2021-01-24,Barney Yost
ACC10851028170,2022,30.85061715944753,2021-10-18,Denae Hermann
ACC190767,2022,76.66908062195942,2021-03-01,Miss Emory Pouros
ACC190767,2022,70.81053879273993,2021-03-01,Miss Emory Pouros
ACC190767,2021,35.91397448919934,2021-07-03,Miss Emory Pouros
ACC190767,2021,74.86548175314529,2021-01-15,Miss Emory Pouros
ACC190767,2022,22.059673225482506,2021-05-21,Miss Emory Pouros
ACC190767,2021,49.04094572615589,2021-04-19,Miss Emory Pouros
ACC190767,2022,23.535784936152208,2021-04-22,Miss Emory Pouros
ACC190767,2022,87.58886524488759,2021-05-04,Miss Emory Pouros
ACC190767,2022,70.54024885080892,2021-12-13,Miss Emory Pouros
ACC1084987,2021,67.38521255180862,2021-03-18,Miss Adella Gottlieb
ACC1084987,2022,73.43501657041273,2021-09-14,Miss Adella Gottlieb
ACC1084987,2021,19.889099461838143,2021-08-13,Miss Adella Gottlieb
ACC1084987,2021,53.151987035015345,2021-10-16,Miss Adella Gottlieb
ACC1084987,2022,36.52471105174814,2021-11-29,Miss Adella Gottlieb
ACC1084987,2022,73.60425816640796,2021-03-25,Miss Adella Gottlieb
ACC1084987,2022,46.337249262962644,2021-01-14,Miss Adella Gottlieb
ACC15877021864,2022,35.83097445722278,2021-09-23,Ramiro Prosacco
ACC15877021864,2021,32.64600079695708,2021-07-19,Ramiro Prosacco
ACC15877021864,2022,30.302881360796256,2021-10-02,Ramiro Prosacco
ACC15877021864,2021,74.04127606051658,2021-01-29,Ramiro Prosacco
ACC15877021864,2021,48.48383222398441,2021-03-18,Ramiro Prosacco
ACC19658151405,2021,63.45566126271922,2021-08-21,Ms. Adriana Dickens
ACC19658151405,2022,45.383349800899964,2021-02-04,Ms. Adriana Dickens
ACC19658151405,2021,46.290506328257194,2021-08-21,Ms. Adriana Dickens
ACC19658151405,2022,92.97994017979173,2021-02-21,Ms. Adriana Dickens
ACC19658151405,2021,62.204341449997806,2021-05-22,Ms. Adriana Dickens
ACC19658151405,2021,72.9168831163253,2021-09-09,Ms. Adriana Dickens
ACC19658151405,2022,43.53465264716426,2021-05-26,Ms. Adriana Dickens
ACC19658151405,2022,44.932472739393944,2021-06-05,Ms. Adriana Dickens
ACC19658151405,2022,93.06734859644143,2021-10-12,Ms. Adriana Dickens
ACC111433,2022,70.78114207588007,2021-07-15,Bo Rau
ACC111433,2021,26.172293205582825,2021-09-17,Bo Rau
ACC111433,2022,64.42094195747683,2021-03-19,Bo Rau
ACC111433,2021,16.911742825164453,2021-09-22,Bo Rau
ACC111433,2021,94.83815329727348,2021-01-04,Bo Rau
ACC1926312826,2021,67.99501789861752,2021-01-06,Silas Shields MD
ACC1926312826,2021,94.74057228257608,2021-09-15,Silas Shields MD
ACC1926312826,2021,15.952577675784191,2021-07-25,Silas Shields MD
ACC1926312826,2022,56.59095791740678,2021-08-21,Silas Shields MD
ACC1926312826,2021,27.923379721137366,2021-04-30,Silas Shields MD
ACC1926312826,2021,50.2586956446429,2021-12-26,Silas Shields MD
ACC1926312826,2022,39.22772207403818,2021-02-10,Silas Shields MD
ACC1926312826,2022,88.7180247832903,2021-01-04,Silas Shields MD
ACC1003322,2022,50.21044852783837,2021-12-14,Lyle Rath Jr.
ACC1003322,2021,76.06954413687912,2021-07-13,Lyle Rath Jr.
ACC1003322,2021,47.1944779727289,2021-05-29,Lyle Rath Jr.
ACC1003322,2021,45.3030475058726,2021-02-02,Lyle Rath Jr.
ACC1003322,2021,24.79270401082296,2021-05-23,Lyle Rath Jr.
ACC1003322,2021,30.763795179876904,2021-11-30,Lyle Rath Jr.
ACC1003322,2022,97.84199345286855,2021-11-21,Lyle Rath Jr.
ACC1003322,2022,10.34863771244806,2021-10-05,Lyle Rath Jr.
ACC1003322,2021,50.216610676886155,2021-09-01,Lyle Rath Jr.
ACC1003322,2022,53.62543831079557,2021-10-29,Lyle Rath Jr.
ACC110267,2022,15.999461766675529,2021-11-03,Fermin Heller
ACC110267,2021,68.30430714094791,2021-02-13,Fermin Heller
ACC194177432,2021,84.04734084865231,2021-08-01,Page Pouros
ACC194177432,2021,11.825671150362261,2021-05-07,Page Pouros
ACC1149203,2021,71.7105599978164,2021-01-11,Merle D'Amore
ACC1149203,2022,34.90117895067111,2021-06-10,Merle D'Amore
ACC1149203,2021,88.95731345321536,2021-12-14,Merle D'Amore
ACC185889640,2021,13.322528436553885,2021-08-25,Ms. Devin Doyle
ACC185889640,2021,20.190002264586408,2021-01-27,Ms. Devin Doyle
ACC185889640,2021,53.88339080909942,2021-12-27,Ms. Devin Doyle
ACC185889640,2022,38.0184188328401,2021-06-25,Ms. Devin Doyle
ACC185889640,2022,36.79133953759599,2021-12-13,Ms. Devin Doyle
ACC18078223,2022,16.945267439261542,2021-01-05,Mrs. Lindsey White
ACC18078223,2022,26.536004813425645,2021-10-30,Mrs. Lindsey White
ACC18078223,2022,90.9602274966497,2021-09-10,Mrs. Lindsey White
ACC18078223,2022,47.53292323119057,2021-01-10,Mrs. Lindsey White
ACC18078223,2022,58.44825724556497,2021-02-24,Mrs. Lindsey White
ACC18078223,2022,90.8489586464426,2021-10-20,Mrs. Lindsey White
ACC18078223,2021,81.36677834898782,2021-02-22,Mrs. Lindsey White
ACC131976,2022,61.50261431636561,2021-01-27,Luther Friesen
ACC131976,2021,14.65561713210402,2021-11-06,Luther Friesen
ACC131976,2022,11.653371053732368,2021-12-06,Luther Friesen
ACC131976,2021,62.45415820738801,2021-07-06,Luther Friesen
ACC131976,2022,52.435206747734156,2021-12-12,Luther Friesen
ACC131976,2022,40.98244187462244,2021-09-02,Luther Friesen
ACC131976,2022,40.03723309829841,2021-11-03,Luther Friesen
ACC131976,2021,76.75417874554556,2021-04-08,Luther Friesen
ACC131976,2021,59.44719160320201,2021-09-28,Luther Friesen
ACC14862643193,2022,50.409853978069336,2021-10-04,Dominic Marvin
ACC14862643193,2022,90.40332367368543,2021-08-01,Dominic Marvin
ACC14862643193,2021,31.307392719969183,2021-10-24,Dominic Marvin
ACC14862643193,2021,33.19733645717612,2021-03-20,Dominic Marvin
ACC14862643193,2022,33.000310070058475,2021-04-09,Dominic Marvin
ACC14862643193,2021,58.353003703091325,2021-03-27,Dominic Marvin
ACC1936612,2022,14.056770448493616,2021-09-20,Emery Schimmel
ACC1936612,2022,49.84548353596021,2021-01-23,Emery Schimmel
ACC1936612,2021,15.362940292892134,2021-03-27,Emery Schimmel
ACC1936612,2022,44.96919323262677,2021-05-01,Emery Schimmel
ACC1936612,2021,61.88864215293267,2021-03-04,Emery Schimmel
ACC123649,2022,77.33392402978853,2021-07-16,Dirk Little
ACC123649,2022,57.5459787146674,2021-10-07,Dirk Little
ACC123649,2022,84.36173629455831,2021-12-12,Dirk Little
ACC123649,2021,40.40221289024389,2021-01-03,Dirk Little
ACC123649,2021,41.02554522596061,2021-01-21,Dirk Little
ACC123649,2022,84.9675758355878,2021-08-23,Dirk Little
ACC123649,2021,39.44911759391354,2021-05-09,Dirk Little
ACC123649,2022,32.79417233882062,2021-03-05,Dirk Little
ACC123649,2021,78.75887139890388,2021-05-18,Dirk Little
ACC164639,2021,77.60056613405881,2021-04-11,Renate Bailey
ACC164639,2021,19.742809173491516,2021-09-01,Renate Bailey
ACC164639,2021,19.86302147789194,2021-07-11,Renate Bailey
ACC164639,2021,12.696834452926343,2021-08-06,Renate Bailey
ACC164639,2021,63.72301079198206,2021-01-26,Renate Bailey
ACC164639,2021,80.38934094206783,2021-11-01,Renate Bailey
ACC164639,2021,71.74803460096784,2021-05-10,Renate Bailey
ACC142780,2021,44.590708414386526,2021-11-07,Kristle Price
ACC142780,2022,10.254529092049928,2021-10-12,Kristle Price
ACC142780,2021,18.870113173741395,2021-02-01,Kristle Price
ACC142780,2021,90.02876057738649,2021-07-11,Kristle Price
ACC142780,2022,40.44561227844642,2021-09-15,Kristle Price
ACC142780,2021,59.89283902405048,2021-09-25,Kristle Price
ACC142780,2021,71.22104735046946,2021-06-22,Kristle Price
ACC11933280764,2022,93.205887805056,2021-03-07,Willie Mann
ACC11933280764,2021,56.819520297328225,2021-05-21,Willie Mann
ACC11933280764,2022,56.39427243182936,2021-08-10,Willie Mann
ACC11933280764,2022,77.43103131975596,2021-01-05,Willie Mann
ACC18568155063,2022,99.64345283009047,2021-04-28,Miss Faustino Brown
ACC18568155063,2022,64.20581210372339,2021-05-07,Miss Faustino Brown
ACC18568155063,2022,37.37295148409122,2021-04-26,Miss Faustino Brown
ACC18568155063,2021,83.59620195617302,2021-07-04,Miss Faustino Brown
ACC138930,2022,18.858138662360602,2021-04-28,Kacey Runte DVM
ACC138930,2022,12.475471666729131,2021-05-17,Kacey Runte DVM
ACC138930,2021,91.74357758656276,2021-08-02,Kacey Runte DVM
ACC138930,2022,76.28127466044813,2021-07-26,Kacey Runte DVM
ACC138930,2022,17.93637532166455,2021-10-27,Kacey Runte DVM
ACC138930,2022,13.424389095983042,2021-11-09,Kacey Runte DVM
ACC138930,2022,52.09958579488511,2021-10-07,Kacey Runte DVM
ACC186725863,2022,94.74465749106282,2021-09-16,Lilly Hauck
ACC186725863,2021,43.221718196573754,2021-01-27,Lilly Hauck
ACC186725863,2021,52.17432950903565,2021-08-30,Lilly Hauck
ACC186725863,2022,60.27547285214617,2021-12-01,Lilly Hauck
ACC186725863,2022,68.12176962700012,2021-05-22,Lilly Hauck
ACC186725863,2022,79.40659101035348,2021-02-06,Lilly Hauck
ACC186725863,2021,11.355397810464623,2021-10-28,Lilly Hauck
ACC127806893,2021,65.25806417388921,2021-03-29,Andre Douglas
ACC127806893,2022,44.58959037273904,2021-01-05,Andre Douglas
ACC127806893,2021,52.23179138146951,2021-04-18,Andre Douglas
ACC1817657,2021,74.77630317212314,2021-04-11,Jerrod MacGyver DDS
ACC179413441,2021,56.32644555433811,2021-03-28,Rex Dare
ACC179413441,2022,48.942145453779844,2021-12-08,Rex Dare
ACC179413441,2022,59.277536963909036,2021-07-13,Rex Dare
ACC11281520006,2022,43.03283656091837,2021-02-06,Deloris Quitzon Jr.
ACC17117391587,2021,63.370498282728946,2021-12-27,Alberto Rogahn III
ACC17117391587,2022,91.60610023212492,2021-08-11,Alberto Rogahn III
ACC1167946,2022,91.7807375021309,2021-03-05,Lovella Miller
ACC1167946,2021,19.970118336843942,2021-10-30,Lovella Miller
ACC1167946,2022,78.21607069321973,2021-09-15,Lovella Miller
ACC1167946,2021,95.62355431710549,2021-04-16,Lovella Miller
ACC1167946,2022,54.681092436706365,2021-06-10,Lovella Miller
ACC1167946,2022,19.75942768660309,2021-09-24,Lovella Miller
ACC1167946,2021,98.0410925652985,2021-01-06,Lovella Miller
ACC1177745156,2022,91.66919002038175,2021-07-13,Mr. Pierre Wyman
ACC1177745156,2022,43.318563986728854,2021-02-07,Mr. Pierre Wyman
ACC1411679,2022,57.914252222882155,2021-01-17,Byron Hermann
ACC1411679,2022,30.722031877206668,2021-10-01,Byron Hermann
ACC1411679,2021,93.9234274206494,2021-04-12,Byron Hermann
ACC1411679,2021,80.71494137908681,2021-03-29,Byron Hermann
ACC1411679,2022,69.12200915217,2021-10-12,Byron Hermann
ACC1411679,2021,58.71959968552934,2021-02-22,Byron Hermann
ACC1411679,2021,40.59716038736485,2021-10-16,Byron Hermann
ACC1411679,2022,66.03414433821999,2021-12-09,Byron Hermann
ACC111849,2022,68.95738984970941,2021-01-04,Alfonso Pacocha
ACC124696,2021,24.596300380404838,2021-10-14,Julius Abshire
ACC124696,2022,94.97910480454145,2021-11-01,Julius Abshire
ACC124696,2021,13.673051402219622,2021-08-21,Julius Abshire
ACC124696,2022,10.226492679417555,2021-06-15,Julius Abshire
ACC124696,2021,80.69798218584612,2021-06-19,Julius Abshire
ACC124696,2021,75.10626414960517,2021-10-11,Julius Abshire
ACC124696,2021,67.44115487114988,2021-09-23,Julius Abshire
ACC124696,2022,11.188349237768543,2021-09-20,Julius Abshire
ACC124696,2021,36.072168596181704,2021-01-16,Julius Abshire
ACC124696,2021,56.89983288863557,2021-02-27,Julius Abshire
ACC158354017,2021,38.56443890918221,2021-08-30,Saundra Powlowski
ACC158354017,2022,38.43985140662201,2021-12-17,Saundra Powlowski
ACC158354017,2022,39.8283864459321,2021-03-26,Saundra Powlowski
ACC1181448,2022,56.17847346418771,2021-07-12,Edgardo Schneider
ACC177189,2021,26.427287155419144,2021-12-13,Dr. Herma Gleichner
ACC162721,2021,29.215263559546578,2021-09-01,Jackson Lesch
ACC162721,2021,90.2318185728188,2021-01-31,Jackson Lesch
ACC162721,2022,50.881438472787224,2021-06-05,Jackson Lesch
ACC162721,2022,98.38456429709794,2021-03-11,Jackson Lesch
ACC162721,2022,95.4932471043593,2021-08-01,Jackson Lesch
ACC162721,2022,51.046691013140226,2021-02-14,Jackson Lesch
ACC162721,2021,11.64407603803159,2021-05-25,Jackson Lesch
ACC162721,2022,91.84631974245777,2021-04-12,Jackson Lesch
ACC10495922064,2022,53.23981365842841,2021-05-07,Roosevelt Ankunding
ACC10495922064,2021,96.52889889260875,2021-09-18,Roosevelt Ankunding
ACC10495922064,2021,68.8453435390583,2021-04-14,Roosevelt Ankunding
ACC10495922064,2021,53.05184427716907,2021-05-22,Roosevelt Ankunding
ACC10495922064,2022,55.01814951162782,2021-06-05,Roosevelt Ankunding
ACC10495922064,2021,97.47894816108898,2021-12-20,Roosevelt Ankunding
ACC10495922064,2022,94.41696662530892,2021-07-04,Roosevelt Ankunding
ACC10495922064,2021,29.64223013884757,2021-10-05,Roosevelt Ankunding
ACC10495922064,2021,16.429077031132223,2021-10-27,Roosevelt Ankunding
ACC10495922064,2021,24.3240246428835,2021-11-14,Roosevelt Ankunding
ACC126884280,2022,67.39875482566235,2021-08-12,Vanessa Metz
ACC126884280,2022,71.89587815249641,2021-03-10,Vanessa Metz
ACC126884280,2022,59.21908282483602,2021-12-12,Vanessa Metz
ACC126884280,2022,93.01755383460178,2021-12-20,Vanessa Metz
ACC126884280,2021,16.965699446920258,2021-01-09,Vanessa Metz
ACC126884280,2022,58.597254293455144,2021-01-29,Vanessa Metz
ACC126884280,2021,42.63284922978468,2021-01-07,Vanessa Metz
ACC126884280,2022,85.34860526354299,2021-11-26,Vanessa Metz
ACC126884280,2022,76.15574636058454,2021-11-14,Vanessa Metz
ACC126884280,2022,96.30165435847485,2021-09-30,Vanessa Metz
ACC18080722342,2022,17.289480776142987,2021-02-24,Edgar Bosco
ACC18080722342,2022,12.965636584612563,2021-06-17,Edgar Bosco
ACC18080722342,2022,27.90184171103191,2021-04-21,Edgar Bosco
ACC18080722342,2022,87.43972567829356,2021-08-14,Edgar Bosco
ACC18080722342,2021,20.697270660928325,2021-03-21,Edgar Bosco
ACC156018,2021,10.981955899954773,2021-10-10,Freddie Dicki
ACC156018,2021,47.6146907815654,2021-11-10,Freddie Dicki
ACC114354,2022,43.148257598510455,2021-10-25,Dr. Markus Schuppe
ACC1751476,2021,19.321153356757584,2021-10-18,Layla Turner
ACC1751476,2022,34.20662095336884,2021-09-25,Layla Turner
ACC1751476,2022,24.85723590543264,2021-01-25,Layla Turner
ACC127332,2022,72.40092088939616,2021-12-01,Miss Emilie Marquardt
ACC127332,2022,29.807678949111846,2021-02-15,Miss Emilie Marquardt
ACC127332,2021,92.35297081059106,2021-03-04,Miss Emilie Marquardt
ACC127332,2021,94.67159979393878,2021-06-22,Miss Emilie Marquardt
ACC127332,2021,21.24256148855122,2021-12-19,Miss Emilie Marquardt
ACC127332,2022,69.45259087690876,2021-07-24,Miss Emilie Marquardt
ACC1509915,2022,50.954379322492485,2021-07-11,Glinda Hilpert
ACC1509915,2022,51.23890282660681,2021-11-05,Glinda Hilpert
ACC1509915,2022,30.436650131344376,2021-06-24,Glinda Hilpert
ACC1509915,2022,20.35477757809126,2021-10-07,Glinda Hilpert
ACC133354140,2022,54.55184688215145,2021-09-26,Carol McGlynn
ACC133354140,2021,22.746600363575542,2021-06-20,Carol McGlynn
ACC133354140,2022,92.1033765165927,2021-11-02,Carol McGlynn
ACC133354140,2021,41.89541665944442,2021-09-20,Carol McGlynn
ACC133354140,2021,51.16812888717754,2021-08-18,Carol McGlynn
ACC133354140,2021,17.625434695033093,2021-01-30,Carol McGlynn
ACC133354140,2021,20.92715614397408,2021-04-27,Carol McGlynn
ACC133354140,2021,28.34503531805253,2021-01-20,Carol McGlynn
ACC19018157930,2022,90.76309384012492,2021-03-13,Mitzi Schultz III
ACC19018157930,2022,15.888645573475541,2021-10-30,Mitzi Schultz III
ACC19018157930,2021,66.83785500687482,2021-09-14,Mitzi Schultz III
ACC19018157930,2022,66.67418193521469,2021-05-06,Mitzi Schultz III
ACC19018157930,2022,33.88441936819117,2021-10-22,Mitzi Schultz III
ACC120064164,2022,88.81598138481311,2021-04-24,Mr. Lincoln Davis
ACC120064164,2021,55.0722887174001,2021-12-09,Mr. Lincoln Davis
ACC120064164,2021,54.50211574965837,2021-04-11,Mr. Lincoln Davis
ACC120064164,2021,30.472809485411204,2021-04-27,Mr. Lincoln Davis
ACC120064164,2021,73.4079069147118,2021-03-19,Mr. Lincoln Davis
ACC120064164,2021,13.520415824386422,2021-04-21,Mr. Lincoln Davis
ACC120064164,2022,68.09916935741919,2021-01-31,Mr. Lincoln Davis
ACC120064164,2021,58.23773898028282,2021-10-19,Mr. Lincoln Davis
ACC120064164,2021,90.03224755160367,2021-10-06,Mr. Lincoln Davis
ACC120064164,2021,27.948842768054558,2021-06-03,Mr. Lincoln Davis
ACC13993563677,2021,57.06738708071407,2021-11-03,Petrina Veum
ACC15970312,2021,26.72639903433133,2021-10-27,Ms. Shemika Muller
ACC15970312,2021,11.86144620373696,2021-04-22,Ms. Shemika Muller
ACC15970312,2021,60.46257894717088,2021-02-15,Ms. Shemika Muller
ACC15970312,2021,63.33819069604208,2021-09-17,Ms. Shemika Muller
ACC1523383,2021,34.314871400104494,2021-11-29,Nerissa Johnston III
ACC1523383,2022,70.64548247854341,2021-01-19,Nerissa Johnston III
ACC1523383,2022,69.68561582288132,2021-03-29,Nerissa Johnston III
ACC1523383,2021,26.93032569860159,2021-05-30,Nerissa Johnston III
ACC1283639,2022,85.95561259234539,2021-07-29,Shirly Trantow
ACC1283639,2021,44.88217115524942,2021-08-12,Shirly Trantow
ACC1283639,2021,48.87900141862492,2021-08-26,Shirly Trantow
ACC1283639,2022,23.92059990027601,2021-06-12,Shirly Trantow
ACC1283639,2021,65.04766830136738,2021-12-23,Shirly Trantow
ACC1283639,2021,35.70841692762755,2021-12-24,Shirly Trantow
ACC1283639,2021,41.11185088787505,2021-10-21,Shirly Trantow
ACC1283639,2021,56.10786347812977,2021-03-03,Shirly Trantow
ACC18987837,2021,94.51965803273386,2021-02-06,Emerita Schoen
ACC18987837,2021,56.11274968177588,2021-03-24,Emerita Schoen
ACC18987837,2022,52.74537081635451,2021-10-13,Emerita Schoen
ACC18987837,2022,52.88184621966051,2021-03-19,Emerita Schoen
ACC18987837,2022,29.120855666723365,2021-12-27,Emerita Schoen
ACC18987837,2021,15.120865754426278,2021-09-04,Emerita Schoen
ACC18987837,2021,41.2745869075581,2021-07-17,Emerita Schoen
ACC18987837,2022,87.77938539906475,2021-03-06,Emerita Schoen
ACC131831,2021,25.455217304418497,2021-12-07,Jospeh Blanda
ACC131831,2021,72.46834926339619,2021-07-04,Jospeh Blanda
ACC1462943,2021,94.32453900530008,2021-10-14,Katrice Altenwerth
ACC1462943,2022,60.388562528088954,2021-08-03,Katrice Altenwerth
ACC1462943,2022,81.49670121115338,2021-03-10,Katrice Altenwerth
ACC16872090,2022,76.5519166084566,2021-02-22,Reuben Kuhn
ACC16872090,2021,81.83690616789657,2021-10-13,Reuben Kuhn
ACC16872090,2021,87.99668499103495,2021-04-04,Reuben Kuhn
ACC16872090,2021,43.882865493294766,2021-09-25,Reuben Kuhn
ACC16872090,2021,44.39033984310841,2021-01-23,Reuben Kuhn
ACC16872090,2021,37.71830686163628,2021-01-07,Reuben Kuhn
ACC16872090,2022,51.91647908604192,2021-01-12,Reuben Kuhn
ACC16872090,2021,24.81533326122238,2021-08-05,Reuben Kuhn
ACC16872090,2021,68.0646221263293,2021-03-10,Reuben Kuhn
ACC16872090,2022,80.64214247117877,2021-02-16,Reuben Kuhn
ACC13481341224,2022,80.36645605182967,2021-12-17,Mr. Wilburn Wolf
ACC13481341224,2022,40.15927763717293,2021-04-01,Mr. Wilburn Wolf
ACC13481341224,2021,56.0776102725692,2021-11-26,Mr. Wilburn Wolf
ACC13481341224,2022,89.91002534436652,2021-01-23,Mr. Wilburn Wolf
ACC1190208,2022,79.18311642852919,2021-06-02,Alfredo Murray
ACC1190208,2021,41.496923497428256,2021-11-25,Alfredo Murray
ACC1190208,2022,62.583861826812246,2021-12-21,Alfredo Murray
ACC1190208,2022,89.73671892381478,2021-02-25,Alfredo Murray
ACC1190208,2021,50.16086408051038,2021-04-10,Alfredo Murray
ACC1190208,2021,73.36084169340118,2021-01-16,Alfredo Murray
ACC129861,2021,45.68264760348524,2021-06-04,Florinda Turcotte
ACC1938869,2022,20.72921313804036,2021-04-13,Paula Howe
ACC1938869,2021,89.86528241756857,2021-09-27,Paula Howe
ACC1938869,2021,39.58670257029531,2021-04-08,Paula Howe
ACC1229058,2022,25.1308192522014,2021-07-11,Ms. Sheridan Runolfsdottir
ACC1229058,2022,63.225706143478824,2021-01-20,Ms. Sheridan Runolfsdottir
ACC1672321,2022,98.5272986610053,2021-01-19,Daron Adams Sr.
ACC1672321,2022,12.320745615474642,2021-02-27,Daron Adams Sr.
ACC1672321,2022,19.747488317036414,2021-02-25,Daron Adams Sr.
ACC1672321,2022,19.918065565759168,2021-11-10,Daron Adams Sr.
ACC1672321,2021,61.44313175876453,2021-02-04,Daron Adams Sr.
ACC1672321,2021,67.29591714477854,2021-02-15,Daron Adams Sr.
ACC1672321,2021,28.65405493046664,2021-07-03,Daron Adams Sr.
ACC1672321,2022,92.33775200647067,2021-08-21,Daron Adams Sr.
ACC1257891,2022,38.62898475540033,2021-08-27,Dara Grady
ACC1257891,2022,44.92014022525255,2021-10-31,Dara Grady
ACC1257891,2021,36.20356452895243,2021-08-13,Dara Grady
ACC1257891,2021,26.103172725698272,2021-09-22,Dara Grady
ACC1257891,2021,95.34079992256879,2021-10-31,Dara Grady
ACC1257891,2021,18.633147909030008,2021-03-31,Dara Grady
ACC1257891,2021,66.09933820008706,2021-11-18,Dara Grady
ACC1257891,2021,21.576795410220015,2021-04-29,Dara Grady
ACC1295202,2021,13.334932684065858,2021-11-08,Many Schmitt
ACC1295202,2021,56.049141758399124,2021-04-17,Many Schmitt
ACC1295202,2021,23.711259770207242,2021-12-04,Many Schmitt
ACC1295202,2022,73.85825536095854,2021-03-05,Many Schmitt
ACC14810384556,2022,80.98004363340706,2021-06-21,Ms. Norbert Swift
ACC14810384556,2021,63.68979469570664,2021-10-15,Ms. Norbert Swift
ACC14810384556,2021,93.08650845517982,2021-02-23,Ms. Norbert Swift
ACC14810384556,2022,27.2591064604157,2021-09-07,Ms. Norbert Swift
ACC14810384556,2022,25.586100884131596,2021-07-01,Ms. Norbert Swift
ACC10007006682,2021,46.69407892078341,2021-08-03,Kenny Reinger
ACC10007006682,2022,40.13597308609505,2021-11-06,Kenny Reinger
ACC10007006682,2022,64.44960317808905,2021-09-07,Kenny Reinger
ACC105103,2022,12.877609639265453,2021-03-06,Dave Harvey
ACC105103,2022,36.53051906260819,2021-01-08,Dave Harvey
ACC105103,2022,78.83038699399889,2021-05-23,Dave Harvey
ACC1737656,2022,20.566661125969656,2021-10-05,Alana Howe
ACC1737656,2022,74.1833291931872,2021-12-19,Alana Howe
ACC1737656,2021,11.482900084330815,2021-01-06,Alana Howe
ACC1737656,2022,79.96714526962825,2021-02-11,Alana Howe
ACC1737656,2022,72.18701507287652,2021-12-16,Alana Howe
ACC1737656,2022,95.92331649064305,2021-11-16,Alana Howe
ACC11405183819,2021,73.60516431805922,2021-04-06,Antonia Connelly
ACC11405183819,2022,31.8752430516637,2021-04-16,Antonia Connelly
ACC1136529,2021,62.74991213141175,2021-06-20,Jesusita Hintz
ACC1136529,2021,72.37688750588966,2021-10-21,Jesusita Hintz
ACC1136529,2021,88.93726231907054,2021-09-26,Jesusita Hintz
ACC1136529,2022,36.595124844070924,2021-12-27,Jesusita Hintz
ACC1143651,2021,93.79835046165317,2021-06-27,Arlean Stehr
ACC1143651,2022,98.03473317756288,2021-07-27,Arlean Stehr
ACC1143651,2021,34.28275260562377,2021-05-13,Arlean Stehr
ACC1143651,2022,24.260231307491367,2021-09-13,Arlean Stehr
ACC1143651,2021,14.723796017308874,2021-08-05,Arlean Stehr
ACC1143651,2021,42.301097173388996,2021-10-31,Arlean Stehr
ACC1143651,2022,17.425344104451575,2021-01-01,Arlean Stehr
ACC115585912,2022,71.43956181007081,2021-02-18,Jenise Lynch
ACC115585912,2022,62.31529858569932,2021-02-13,Jenise Lynch
ACC115585912,2022,98.47728296081071,2021-01-31,Jenise Lynch
ACC115585912,2022,87.57850874999367,2021-10-14,Jenise Lynch
ACC115585912,2022,14.97411152489752,2021-09-01,Jenise Lynch
ACC115585912,2022,44.46016470385235,2021-12-19,Jenise Lynch
ACC115585912,2022,63.20135275869054,2021-03-30,Jenise Lynch
ACC115585912,2022,44.89472329997376,2021-09-20,Jenise Lynch
ACC1346367,2021,89.53499794922747,2021-04-05,Bernita Johns
ACC1346367,2022,96.45444422655812,2021-07-19,Bernita Johns
ACC1346367,2022,12.886769349779255,2021-01-05,Bernita Johns
ACC1346367,2021,88.03103067039278,2021-11-05,Bernita Johns
ACC1346367,2022,46.611450857762165,2021-11-20,Bernita Johns
ACC1346367,2022,61.66375460486669,2021-05-17,Bernita Johns
ACC1346367,2022,17.060164370167755,2021-12-15,Bernita Johns
ACC1346367,2022,24.388040035319285,2021-02-09,Bernita Johns
ACC1346367,2022,83.26317652413029,2021-01-22,Bernita Johns
ACC1137529,2021,72.34668207778209,2021-04-06,Hank Runte
ACC15409634,2022,42.981494061679726,2021-05-16,Ms. Alonzo Morissette
ACC15409634,2022,36.42850785424425,2021-02-14,Ms. Alonzo Morissette
ACC15409634,2022,68.09331567220468,2021-04-28,Ms. Alonzo Morissette
ACC15409634,2022,17.470796758323445,2021-11-30,Ms. Alonzo Morissette
ACC15409634,2022,62.5314449405502,2021-05-29,Ms. Alonzo Morissette
ACC15409634,2021,15.262203949828516,2021-04-18,Ms. Alonzo Morissette
ACC15409634,2021,13.245474017372599,2021-05-15,Ms. Alonzo Morissette
ACC15409634,2021,38.894705433645896,2021-04-05,Ms. Alonzo Morissette
ACC160035,2021,63.836465000416524,2021-04-29,Charita Lind DDS
ACC160035,2021,68.64409946949195,2021-12-05,Charita Lind DDS
ACC1502007463,2021,52.21762933599852,2021-12-22,Wilfredo Schulist
ACC1502007463,2022,63.21083752909746,2021-10-20,Wilfredo Schulist
ACC1502007463,2021,59.0296950556916,2021-02-17,Wilfredo Schulist
ACC1502007463,2022,47.724740602580816,2021-04-30,Wilfredo Schulist
ACC1502007463,2022,63.62863936834941,2021-02-15,Wilfredo Schulist
ACC17046327967,2022,79.79607497792529,2021-02-03,Leann Brakus II
ACC17046327967,2022,39.167902428237326,2021-03-03,Leann Brakus II
ACC17046327967,2022,80.33753086412818,2021-08-20,Leann Brakus II
ACC17046327967,2022,89.6033812278708,2021-12-25,Leann Brakus II
ACC17046327967,2021,32.080525630350465,2021-01-22,Leann Brakus II
ACC17046327967,2021,28.36596015040869,2021-08-01,Leann Brakus II
ACC17046327967,2021,21.46206167335842,2021-02-27,Leann Brakus II
ACC17046327967,2021,14.44492547405221,2021-07-16,Leann Brakus II
ACC17046327967,2021,91.96055980674393,2021-09-19,Leann Brakus II
ACC17046327967,2022,66.88553291706681,2021-01-28,Leann Brakus II
ACC10211526084,2022,29.568700212959282,2021-11-13,Dr. Quinton Morar
ACC10211526084,2021,48.94532124859995,2021-11-27,Dr. Quinton Morar
ACC10211526084,2021,26.613168452658975,2021-03-04,Dr. Quinton Morar
ACC10211526084,2021,75.61141997613205,2021-06-01,Dr. Quinton Morar
ACC10211526084,2021,66.65651161027424,2021-11-24,Dr. Quinton Morar
ACC126623,2022,67.78609387366933,2021-02-04,Yung Ondricka
ACC126623,2021,52.46767506191956,2021-11-09,Yung Ondricka
ACC126623,2021,20.112151387481887,2021-11-14,Yung Ondricka
ACC126623,2022,77.18160887469928,2021-08-07,Yung Ondricka
ACC126623,2022,52.212969040847625,2021-12-08,Yung Ondricka
ACC126623,2021,82.97782483300134,2021-06-24,Yung Ondricka
ACC126623,2021,30.492567842760216,2021-09-17,Yung Ondricka
ACC126623,2021,25.429533342598724,2021-01-07,Yung Ondricka
ACC126623,2022,22.562214984511627,2021-07-07,Yung Ondricka
ACC126623,2022,24.750206244304703,2021-06-11,Yung Ondricka
ACC18639808,2021,45.93195193294609,2021-09-15,Mr. Judie Stokes
ACC18639808,2021,38.18256422618337,2021-08-05,Mr. Judie Stokes
ACC18639808,2021,49.25970850345032,2021-07-12,Mr. Judie Stokes
ACC192534,2021,91.7630197725625,2021-09-21,Mellisa Gulgowski
ACC192534,2021,25.991616895763137,2021-10-31,Mellisa Gulgowski
ACC192534,2022,35.83217165074787,2021-02-08,Mellisa Gulgowski
ACC192534,2022,32.0664441898235,2021-12-02,Mellisa Gulgowski
ACC192534,2021,13.026210073504313,2021-03-08,Mellisa Gulgowski
ACC192534,2021,71.32795149714005,2021-07-13,Mellisa Gulgowski
ACC192534,2021,34.152942810814054,2021-01-09,Mellisa Gulgowski
ACC192534,2021,53.87412675522497,2021-03-27,Mellisa Gulgowski
ACC11270448,2021,40.397225029927014,2021-07-23,Gene Graham
ACC11270448,2022,77.03179827432233,2021-03-06,Gene Graham
ACC11270448,2021,55.369246535857926,2021-06-10,Gene Graham
ACC11270448,2021,68.92985411505677,2021-08-31,Gene Graham
ACC11270448,2022,59.502462124596946,2021-10-03,Gene Graham
ACC11270448,2021,76.77645314135476,2021-12-17,Gene Graham
ACC131575,2021,41.761085205581594,2021-09-05,Jerrod Marks I
ACC131575,2021,73.72952046227968,2021-01-27,Jerrod Marks I
ACC131575,2021,96.26489426278546,2021-06-11,Jerrod Marks I
ACC131575,2022,59.64628778977996,2021-09-02,Jerrod Marks I
ACC131575,2021,74.9271451364724,2021-04-08,Jerrod Marks I
ACC198612592,2022,96.81127953409175,2021-12-21,Leoma Dietrich
ACC198612592,2022,25.114186217260755,2021-07-06,Leoma Dietrich
ACC198612592,2022,92.93797698438215,2021-07-16,Leoma Dietrich
ACC198612592,2022,29.143954573785678,2021-02-28,Leoma Dietrich
ACC198612592,2022,91.53865637346564,2021-10-10,Leoma Dietrich
ACC198612592,2022,42.93735127624619,2021-02-14,Leoma Dietrich
ACC198612592,2022,56.22913462209319,2021-02-12,Leoma Dietrich
ACC1661268616,2022,43.12925209552842,2021-08-05,Katheryn Bergnaum
ACC1661268616,2022,18.589278139338404,2021-01-27,Katheryn Bergnaum
ACC1661268616,2021,87.94681609896668,2021-01-27,Katheryn Bergnaum
ACC15225282321,2022,77.05427825414306,2021-11-22,Leopoldo Hamill
ACC15225282321,2021,91.55527098610223,2021-10-09,Leopoldo Hamill
ACC15225282321,2022,71.53629739421658,2021-07-31,Leopoldo Hamill
ACC15225282321,2022,73.61289992688552,2021-04-27,Leopoldo Hamill
ACC15225282321,2022,49.04943210933143,2021-11-25,Leopoldo Hamill
ACC15225282321,2022,74.90239312586085,2021-10-15,Leopoldo Hamill
